{"servers":{"1177689017945436180.1182058190737784862":1,"183448689270849556.183448689270849556":1,"183448689270849556.541013602618966031":1}}